state,num_reviews,mean_reviews
MG,10729,4.281386895330413
PR,4676,4.307313943541488
RJ,10648,4.244552967693464
RS,4981,4.313792411162417
SP,38122,4.328734064319815
